station_id,parameter_id,mean_val,max_val
1160629000.0,112.0,19.50286517061629,5.497134829383711
